{"Avg_MAE": 6413.163462308154, "Train_MAE": 6038.4, "Test_MAE": 6787.926924616308, "program": "[[0, 2, 0, 1], [0, 3, 0, 29], [1, 3, 0, 2], [1, 1, 1, 1], [0, 1, 2, 35], [0, 3, 3, 27], [1, 3, 2, 3], [0, 3, 3, 7], [0, 1, 2, 18], [0, 3, 0, 27], [0, 0, 1, 12], [0, 3, 2, 19], [0, 2, 2, 3], [1, 3, 2, 3], [0, 2, 1, 25], [1, 1, 1, 3], [0, 3, 0, 26], [1, 3, 2, 2], [0, 3, 0, 30], [0, 3, 2, 27], [1, 3, 2, 3], [0, 2, 2, 31], [1, 3, 2, 0], [0, 1, 1, 21], [0, 3, 2, 19], [1, 3, 1, 0], [0, 1, 2, 31], [0, 3, 1, 14], [0, 3, 2, 26], [1, 0, 1, 3], [0, 2, 3, 5], [1, 2, 2, 0], [0, 2, 3, 38], [0, 3, 2, 14], [1, 1, 1, 3], [0, 1, 2, 33], [1, 3, 2, 2], [1, 2, 3, 0], [1, 0, 1, 3], [1, 3, 0, 2], [0, 2, 0, 13], [0, 2, 3, 30], [1, 3, 2, 3], [0, 3, 2, 16], [1, 1, 1, 3], [0, 2, 1, 19], [0, 0, 3, 13], [0, 3, 2, 34], [0, 0, 1, 33], [0, 1, 1, 0], [0, 0, 2, 35], [1, 2, 3, 1], [0, 2, 3, 3], [0, 0, 2, 19], [1, 2, 1, 0], [1, 3, 0, 0], [1, 2, 2, 2], [1, 2, 1, 2], [0, 2, 1, 0], [0, 3, 2, 31], [0, 3, 1, 33], [0, 3, 2, 11], [0, 3, 2, 3], [0, 1, 2, 36]]"}