{"Avg_MAE": 7485.594822211531, "Train_MAE": 6876.63, "Test_MAE": 8094.559644423062, "program": "[[0, 0, 3, 35], [0, 1, 0, 1], [0, 1, 2, 31], [0, 1, 1, 28], [1, 3, 2, 1], [0, 2, 1, 23], [1, 1, 1, 2], [1, 2, 3, 3], [0, 2, 2, 5], [0, 0, 1, 6], [0, 1, 0, 27], [0, 3, 0, 19], [0, 1, 0, 27], [1, 1, 2, 3], [1, 2, 2, 0], [1, 1, 0, 1], [0, 0, 3, 35], [0, 1, 0, 29], [0, 1, 2, 31], [0, 1, 3, 39], [1, 1, 2, 2], [1, 0, 3, 3], [1, 0, 3, 3], [1, 2, 0, 3], [1, 1, 2, 0], [1, 1, 2, 1], [1, 1, 2, 1], [1, 0, 3, 1], [0, 3, 2, 37], [1, 1, 2, 1], [0, 1, 0, 8], [0, 2, 1, 2], [1, 1, 1, 2], [1, 1, 0, 1], [1, 1, 2, 1], [1, 0, 3, 2], [1, 2, 1, 0], [1, 0, 2, 3], [0, 2, 0, 12], [0, 0, 3, 4], [0, 1, 2, 5], [0, 3, 1, 10], [0, 2, 1, 34], [0, 0, 2, 2], [1, 0, 2, 1], [0, 0, 2, 31], [0, 2, 3, 36], [1, 0, 0, 0], [1, 0, 1, 2], [1, 1, 2, 1], [1, 0, 0, 2], [1, 0, 1, 1], [0, 1, 0, 21], [0, 3, 3, 11], [1, 3, 3, 3], [0, 2, 3, 5], [1, 3, 1, 2], [0, 1, 2, 30], [1, 1, 2, 2], [0, 1, 0, 35], [0, 1, 0, 35], [0, 3, 0, 29], [1, 1, 2, 3]]"}