{"Avg_MAE": 8744.00263120085, "Train_MAE": 8506.22, "Test_MAE": 8981.785262401701, "program": "[[0, 12, 2, 14], [1, 15, 3, 5], [1, 1, 1, 2], [0, 8, 0, 41], [0, 0, 0, 31], [0, 1, 0, 15], [0, 14, 1, 16], [0, 5, 3, 22], [0, 9, 0, 21], [1, 6, 3, 8], [0, 9, 0, 27], [1, 6, 3, 9], [0, 9, 0, 21], [1, 7, 0, 9], [0, 15, 0, 42], [1, 4, 2, 5], [0, 1, 1, 19], [0, 1, 2, 2], [1, 11, 3, 8], [0, 9, 2, 25], [0, 11, 1, 32], [0, 5, 2, 15], [0, 9, 2, 26], [1, 11, 2, 15], [0, 9, 0, 29], [1, 3, 3, 9], [1, 11, 3, 8], [0, 9, 2, 27], [0, 10, 0, 26], [0, 0, 2, 13], [0, 5, 0, 15], [0, 9, 1, 1], [0, 9, 1, 1], [0, 10, 0, 3], [0, 7, 2, 38], [1, 1, 3, 1], [0, 9, 2, 12], [0, 10, 1, 35], [0, 11, 2, 36], [1, 13, 1, 6], [0, 7, 0, 15], [0, 9, 1, 26], [0, 12, 2, 13], [0, 9, 0, 25], [0, 9, 2, 28], [0, 9, 2, 1], [1, 11, 2, 5], [1, 8, 0, 14], [1, 1, 2, 9], [1, 8, 2, 1], [1, 9, 1, 3], [1, 9, 2, 5], [0, 9, 2, 26], [1, 9, 2, 5], [0, 1, 2, 4], [1, 9, 2, 15], [0, 9, 2, 25], [0, 13, 2, 2], [0, 9, 2, 33], [0, 4, 2, 25], [0, 9, 2, 40], [0, 9, 2, 28], [1, 1, 2, 15], [1, 6, 0, 0]]"}