{"Avg_MAE": 7156.084248390875, "Train_MAE": 6438.8, "Test_MAE": 7873.368496781749, "program": "[[0, 4, 1, 34], [0, 0, 1, 28], [0, 3, 1, 17], [0, 3, 3, 29], [0, 2, 0, 5], [1, 3, 3, 7], [1, 6, 3, 0], [0, 0, 0, 1], [1, 0, 2, 0], [1, 3, 3, 3], [1, 6, 1, 4], [1, 5, 2, 3], [1, 5, 1, 1], [0, 0, 0, 27], [1, 6, 1, 4], [0, 0, 0, 21], [1, 0, 2, 7], [1, 7, 1, 3], [1, 0, 0, 0], [0, 0, 1, 26], [0, 6, 1, 1], [0, 0, 1, 1], [0, 0, 2, 12], [0, 3, 2, 25], [1, 1, 0, 7], [0, 6, 0, 23], [0, 0, 1, 30], [1, 5, 2, 7], [1, 7, 2, 2], [1, 0, 0, 6], [0, 5, 1, 25], [1, 0, 2, 6], [1, 0, 2, 7], [0, 0, 2, 37], [0, 5, 3, 40], [0, 7, 0, 36], [1, 0, 1, 7], [1, 4, 0, 1], [1, 0, 2, 7], [0, 0, 2, 11], [0, 5, 3, 40], [1, 2, 1, 2], [1, 2, 1, 0], [0, 4, 1, 31], [0, 6, 2, 35], [1, 1, 2, 5], [1, 2, 2, 6], [1, 0, 2, 7], [0, 0, 2, 21], [0, 1, 3, 40], [0, 0, 2, 37], [0, 5, 1, 40], [1, 3, 1, 2], [1, 2, 1, 0], [0, 4, 1, 31], [0, 6, 1, 2], [1, 4, 3, 1], [1, 0, 2, 7], [0, 0, 2, 37], [1, 0, 1, 1], [0, 0, 0, 1], [1, 0, 0, 0], [1, 2, 1, 3], [1, 5, 3, 3]]"}