{"Avg_MAE": 10737.458326354048, "Train_MAE": 9798.43, "Test_MAE": 11676.486652708094, "program": "[[0, 1, 0, 1], [1, 2, 0, 3], [1, 1, 2, 3], [1, 1, 2, 0], [1, 1, 2, 1], [1, 3, 1, 2], [0, 2, 1, 34], [0, 1, 3, 10], [0, 3, 0, 14], [1, 3, 0, 2], [1, 2, 0, 1], [0, 0, 1, 24], [1, 2, 0, 3], [1, 0, 2, 3], [0, 0, 2, 19], [0, 3, 2, 14], [0, 1, 2, 29], [0, 3, 2, 31], [1, 3, 1, 3], [1, 1, 0, 1], [0, 3, 0, 27], [0, 3, 0, 21], [1, 1, 2, 2], [1, 2, 1, 1], [1, 2, 1, 1], [1, 1, 0, 3], [1, 3, 2, 2], [0, 2, 2, 42], [1, 3, 2, 3], [0, 0, 3, 17], [0, 1, 1, 24], [1, 3, 2, 0], [1, 0, 2, 0], [0, 3, 2, 38], [1, 2, 2, 0], [1, 3, 0, 1], [1, 0, 2, 3], [1, 1, 0, 3], [1, 1, 0, 0], [0, 1, 2, 36], [0, 1, 1, 5], [1, 3, 0, 0], [0, 0, 2, 6], [0, 0, 0, 29], [1, 3, 0, 1], [1, 1, 2, 0], [1, 2, 0, 3], [0, 2, 0, 34], [1, 2, 0, 3], [1, 1, 2, 0], [1, 2, 1, 2], [1, 2, 2, 2], [1, 3, 2, 0], [1, 2, 0, 1], [0, 3, 1, 12], [1, 0, 2, 2], [1, 0, 2, 1], [0, 1, 2, 16], [1, 2, 0, 2], [0, 1, 2, 8], [0, 1, 3, 2], [0, 2, 0, 12], [0, 3, 0, 15], [0, 2, 1, 9], [0, 3, 1, 1], [1, 2, 0, 2], [0, 2, 0, 40], [0, 3, 1, 11], [0, 1, 2, 26], [0, 2, 2, 3], [0, 3, 1, 39], [1, 3, 2, 2], [1, 0, 3, 1], [0, 1, 1, 17], [0, 2, 1, 34], [1, 1, 0, 3], [0, 2, 3, 18], [1, 3, 1, 0], [1, 2, 2, 3], [0, 0, 2, 29], [0, 3, 1, 38], [0, 3, 1, 14], [0, 1, 0, 39], [1, 1, 2, 1], [1, 2, 3, 0], [1, 3, 3, 1], [1, 3, 1, 1], [1, 3, 3, 2], [0, 0, 1, 38], [1, 1, 2, 2], [1, 0, 1, 0], [1, 1, 0, 1], [1, 0, 3, 2], [1, 1, 3, 0], [1, 3, 3, 1], [1, 3, 1, 1], [1, 3, 3, 3], [0, 2, 1, 38], [1, 1, 2, 2], [1, 2, 1, 0], [0, 0, 2, 10], [0, 2, 0, 8], [1, 0, 1, 0], [1, 2, 1, 0], [1, 1, 1, 3], [1, 1, 2, 0], [1, 0, 1, 0], [0, 3, 3, 14], [0, 2, 2, 30], [1, 3, 2, 0], [1, 2, 1, 0], [1, 1, 3, 2]]"}