{"Avg_MAE": 4638.020852252028, "Train_MAE": 3750.66, "Test_MAE": 5525.381704504057, "program": "[[1, 3, 2, 0], [1, 1, 0, 0], [0, 3, 0, 25], [1, 2, 0, 2], [0, 2, 1, 21], [0, 0, 0, 30], [0, 0, 0, 26], [1, 2, 2, 1], [0, 2, 1, 22], [0, 2, 2, 35], [0, 3, 1, 27], [1, 2, 2, 1], [1, 1, 1, 3], [0, 1, 2, 30], [1, 3, 2, 2], [0, 2, 3, 21], [0, 0, 2, 6], [0, 2, 0, 28], [0, 3, 2, 17], [1, 3, 2, 3], [0, 2, 2, 39], [1, 0, 1, 2], [0, 2, 0, 28], [1, 0, 3, 0], [0, 2, 2, 40], [1, 3, 0, 2], [0, 0, 1, 29], [1, 2, 3, 3], [0, 3, 2, 30], [1, 1, 1, 3], [0, 0, 0, 23], [0, 2, 1, 29], [1, 1, 2, 3], [0, 2, 2, 22], [1, 0, 2, 3], [1, 1, 2, 1], [0, 2, 3, 28], [0, 1, 2, 17], [1, 2, 0, 0], [1, 2, 0, 2], [0, 2, 2, 2], [0, 2, 2, 19], [1, 1, 1, 2], [0, 3, 2, 13], [1, 1, 0, 1], [1, 2, 2, 2], [0, 2, 1, 27], [1, 2, 0, 2], [0, 3, 3, 9], [1, 1, 1, 2], [1, 1, 2, 0], [1, 1, 2, 0], [1, 1, 2, 2], [0, 2, 1, 7], [1, 2, 0, 2], [1, 1, 1, 3], [1, 1, 1, 2], [1, 1, 2, 2], [1, 1, 2, 1], [1, 2, 2, 3], [1, 2, 1, 1], [1, 2, 0, 0], [0, 1, 2, 25], [0, 1, 1, 2]]"}