{"Avg_MAE": 5850.272845310552, "Train_MAE": 5645.69, "Test_MAE": 6054.855690621105, "program": "[[0, 7, 0, 21], [1, 3, 3, 6], [0, 6, 2, 32], [0, 7, 0, 27], [0, 3, 0, 23], [1, 7, 2, 3], [1, 7, 2, 4], [0, 3, 0, 25], [1, 3, 1, 7], [0, 3, 2, 16], [1, 3, 1, 7], [0, 0, 0, 29], [0, 3, 2, 9], [1, 2, 1, 3], [0, 5, 3, 27], [0, 0, 0, 29], [0, 3, 1, 1], [1, 5, 3, 3], [1, 7, 0, 3], [0, 5, 0, 28], [0, 0, 2, 29], [0, 0, 1, 28], [0, 0, 0, 29], [1, 4, 1, 2], [0, 3, 2, 11], [0, 0, 2, 21], [0, 5, 0, 31], [1, 3, 1, 0], [0, 0, 1, 22], [1, 0, 2, 2], [0, 3, 2, 30], [0, 0, 2, 10], [0, 5, 3, 32], [1, 3, 1, 0], [0, 2, 2, 23], [1, 2, 2, 1], [0, 3, 2, 28], [1, 2, 1, 4], [0, 3, 0, 25], [1, 6, 3, 2], [1, 6, 0, 5], [0, 3, 2, 29], [0, 3, 2, 42], [0, 0, 1, 26], [0, 4, 1, 39], [0, 3, 2, 9], [1, 7, 2, 6], [1, 3, 0, 7], [1, 3, 2, 1], [0, 6, 0, 30], [0, 3, 2, 21], [0, 3, 2, 3], [0, 1, 0, 13], [0, 5, 0, 10], [0, 4, 3, 6], [1, 6, 0, 3], [1, 6, 0, 3], [0, 4, 2, 11], [1, 6, 0, 7], [1, 0, 2, 2], [0, 0, 0, 34], [1, 7, 1, 3], [1, 1, 0, 2], [0, 7, 2, 21]]"}