{"Avg_MAE": 9889.977883759173, "Train_MAE": 8845.91, "Test_MAE": 10934.045767518344, "program": "[[0, 12, 0, 1], [1, 12, 2, 13], [1, 5, 0, 11], [0, 3, 2, 24], [1, 9, 3, 0], [1, 14, 0, 15], [0, 5, 1, 10], [1, 5, 2, 10], [1, 12, 2, 11], [0, 12, 0, 23], [0, 12, 0, 29], [1, 12, 2, 10], [1, 12, 2, 4], [0, 0, 0, 29], [1, 12, 1, 9], [1, 12, 0, 11], [1, 12, 2, 2], [1, 11, 0, 4], [1, 7, 1, 2], [1, 0, 0, 0], [1, 14, 0, 15], [0, 0, 2, 21], [0, 15, 2, 29], [1, 12, 0, 0], [1, 12, 2, 12], [0, 0, 0, 23], [1, 12, 2, 7], [0, 14, 0, 40], [0, 12, 0, 21], [1, 12, 2, 13], [0, 0, 2, 29], [0, 4, 0, 35], [0, 12, 2, 14], [0, 2, 0, 17], [1, 12, 2, 7], [1, 12, 0, 0], [0, 7, 3, 34], [1, 15, 2, 3], [1, 12, 2, 7], [1, 8, 0, 2], [0, 5, 1, 6], [1, 0, 0, 12], [1, 8, 2, 4], [1, 8, 1, 6], [1, 13, 2, 10], [0, 2, 2, 21], [1, 6, 2, 15], [1, 11, 1, 0], [0, 7, 0, 12], [1, 10, 2, 12], [1, 13, 0, 1], [0, 14, 1, 10], [0, 12, 2, 27], [0, 12, 2, 14], [1, 0, 1, 12], [1, 1, 1, 11], [0, 2, 3, 21], [0, 12, 2, 27], [0, 12, 2, 14], [1, 0, 0, 4], [0, 6, 2, 41], [1, 8, 1, 11], [0, 7, 1, 1], [1, 9, 3, 7]]"}