{"Avg_MAE": 11807.21049506111, "Train_MAE": 9544.43, "Test_MAE": 14069.990990122222, "program": "[[0, 2, 2, 17], [0, 2, 2, 39], [0, 0, 1, 27], [1, 2, 1, 3], [1, 3, 0, 0], [0, 1, 3, 41], [1, 0, 0, 3], [1, 1, 2, 2], [0, 3, 0, 8], [1, 1, 0, 3], [1, 0, 1, 2], [0, 1, 2, 30], [0, 3, 1, 1], [0, 3, 1, 23], [0, 3, 0, 7], [1, 2, 2, 0], [1, 2, 1, 1], [0, 1, 0, 9], [0, 3, 3, 36], [0, 1, 1, 24], [1, 1, 2, 3], [0, 3, 2, 16], [1, 3, 0, 3], [0, 1, 1, 10], [1, 0, 0, 2], [1, 1, 2, 1], [1, 1, 0, 3], [0, 2, 2, 23], [0, 1, 2, 30], [0, 3, 1, 31], [1, 2, 2, 1], [0, 1, 0, 14], [1, 2, 2, 2], [1, 1, 2, 3], [0, 1, 2, 17], [1, 2, 1, 3], [0, 1, 1, 32], [1, 1, 2, 1], [0, 1, 2, 3], [0, 3, 2, 8], [1, 0, 2, 0], [1, 2, 1, 0], [1, 2, 0, 2], [0, 1, 2, 30], [1, 0, 3, 2], [0, 1, 2, 30], [0, 2, 3, 22], [0, 3, 0, 27], [0, 3, 0, 20], [0, 1, 2, 19], [0, 1, 1, 16], [0, 3, 0, 20], [0, 1, 2, 9], [0, 3, 3, 24], [1, 2, 1, 1], [0, 1, 2, 17], [0, 1, 2, 17], [0, 3, 3, 8], [1, 2, 2, 1], [1, 3, 2, 1], [1, 3, 3, 1], [0, 2, 2, 26], [0, 1, 3, 32], [1, 3, 0, 3]]"}