{"Avg_MAE": 5822.960417525212, "Train_MAE": 5372.29, "Test_MAE": 6273.630835050423, "program": "[[0, 1, 2, 3], [0, 0, 0, 2], [0, 3, 0, 1], [1, 3, 3, 2], [0, 3, 0, 21], [1, 1, 3, 0], [0, 0, 0, 27], [1, 2, 0, 2], [0, 3, 0, 29], [0, 2, 2, 42], [0, 3, 2, 38], [0, 2, 1, 27], [1, 0, 2, 1], [1, 2, 2, 0], [1, 2, 2, 3], [1, 3, 1, 2], [0, 2, 0, 22], [1, 3, 2, 3], [1, 2, 3, 0], [1, 2, 1, 0], [1, 3, 0, 3], [1, 3, 2, 3], [1, 3, 2, 3], [0, 2, 2, 21], [0, 3, 2, 11], [1, 2, 0, 3], [1, 2, 1, 1], [1, 3, 2, 0], [1, 1, 2, 0], [1, 2, 2, 2], [0, 3, 1, 9], [0, 3, 2, 25], [1, 3, 2, 2], [1, 0, 0, 3], [1, 0, 2, 2], [1, 3, 1, 1], [0, 1, 1, 3], [1, 2, 2, 3], [1, 1, 0, 2], [1, 1, 2, 3], [0, 3, 1, 36], [0, 0, 2, 21], [0, 0, 3, 41], [0, 2, 1, 31], [0, 3, 2, 13], [0, 0, 0, 11], [0, 0, 1, 6], [1, 1, 2, 1], [0, 2, 3, 2], [1, 0, 0, 1], [0, 3, 0, 41], [1, 3, 1, 2], [1, 3, 2, 0], [0, 2, 0, 22], [1, 2, 3, 2], [1, 3, 0, 1], [1, 3, 3, 1], [1, 1, 0, 2], [0, 1, 2, 14], [1, 0, 2, 3], [0, 3, 0, 9], [1, 2, 0, 1], [0, 2, 0, 2], [0, 3, 1, 21], [1, 3, 2, 3], [0, 3, 2, 40], [1, 1, 1, 3], [1, 2, 3, 3], [0, 1, 2, 39], [1, 3, 1, 0], [0, 0, 2, 26], [0, 0, 2, 10], [0, 1, 1, 7], [1, 1, 2, 1], [0, 0, 1, 20]]"}