{"Avg_MAE": 5578.470220811692, "Train_MAE": 4699.51, "Test_MAE": 6457.430441623384, "program": "[[1, 2, 1, 0], [0, 3, 0, 24], [1, 3, 2, 0], [0, 2, 1, 24], [0, 2, 3, 13], [0, 3, 0, 27], [0, 0, 3, 34], [0, 3, 0, 23], [0, 2, 2, 3], [1, 3, 2, 2], [0, 1, 1, 29], [0, 2, 1, 24], [0, 3, 0, 29], [1, 3, 2, 2], [0, 2, 1, 30], [0, 3, 1, 25], [1, 3, 0, 3], [0, 0, 3, 13], [0, 2, 0, 27], [1, 3, 0, 2], [1, 2, 0, 2], [1, 3, 1, 1], [1, 0, 3, 2], [0, 3, 2, 2], [0, 3, 0, 23], [1, 3, 2, 2], [0, 0, 1, 34], [0, 2, 1, 16], [1, 2, 0, 3], [1, 2, 2, 1], [1, 0, 2, 3], [0, 1, 2, 1], [1, 0, 1, 2], [1, 0, 2, 3], [1, 2, 0, 2], [1, 2, 2, 0], [0, 0, 0, 16], [1, 1, 0, 2], [0, 2, 1, 24], [0, 3, 0, 29], [0, 2, 0, 29], [0, 3, 2, 2], [1, 2, 0, 3], [1, 2, 0, 2], [1, 2, 2, 3], [1, 2, 2, 2], [1, 2, 2, 3], [0, 0, 0, 6], [1, 3, 3, 3], [1, 3, 1, 2], [0, 1, 2, 38], [0, 1, 2, 38], [1, 2, 0, 2], [1, 2, 0, 0], [0, 1, 3, 5], [0, 0, 0, 27], [1, 2, 0, 2], [0, 1, 3, 17], [0, 3, 0, 6], [0, 0, 0, 28], [0, 0, 3, 21], [0, 3, 1, 31], [1, 3, 1, 2]]"}