{"Avg_MAE": 9172.293177207048, "Train_MAE": 8610.17, "Test_MAE": 9734.416354414094, "program": "[[1, 0, 1, 0], [1, 0, 3, 3], [1, 2, 0, 3], [0, 1, 1, 21], [0, 1, 2, 18], [1, 3, 2, 2], [0, 2, 1, 25], [0, 0, 0, 8], [0, 1, 0, 28], [1, 1, 2, 1], [1, 0, 1, 0], [1, 0, 0, 2], [0, 0, 1, 39], [1, 2, 0, 0], [1, 2, 1, 3], [0, 1, 1, 25], [0, 3, 2, 26], [1, 0, 1, 2], [1, 1, 2, 3], [1, 1, 2, 3], [0, 1, 0, 28], [1, 1, 2, 1], [1, 0, 0, 0], [1, 0, 1, 1], [1, 2, 2, 0], [0, 1, 2, 31], [1, 1, 1, 0], [1, 0, 0, 0], [0, 2, 3, 35], [0, 1, 2, 39], [0, 2, 0, 1], [0, 2, 1, 34], [0, 1, 2, 34], [1, 1, 2, 2], [1, 2, 2, 2], [1, 0, 2, 3], [1, 1, 1, 0], [1, 1, 0, 1], [1, 0, 0, 0], [0, 0, 1, 29], [1, 2, 0, 0], [1, 2, 3, 0], [0, 0, 1, 10], [0, 3, 2, 31], [1, 2, 2, 0], [1, 2, 2, 3], [1, 3, 3, 3], [1, 1, 2, 3], [1, 1, 0, 2], [1, 0, 1, 1], [1, 0, 2, 3], [1, 2, 3, 3], [1, 1, 0, 0], [1, 3, 0, 1], [0, 2, 2, 29], [0, 0, 2, 26], [0, 0, 0, 35], [1, 0, 1, 2], [1, 2, 0, 0], [0, 1, 0, 4], [0, 1, 1, 12], [1, 1, 0, 0], [0, 1, 2, 38], [1, 2, 1, 1]]"}