{"Avg_MAE": 6301.448706293707, "Train_MAE": 5841.27, "Test_MAE": 6761.627412587413, "program": "[[1, 7, 1, 6], [0, 2, 0, 21], [0, 2, 0, 27], [0, 3, 0, 22], [0, 0, 3, 31], [1, 1, 1, 7], [1, 2, 0, 0], [1, 2, 2, 7], [0, 6, 3, 30], [0, 2, 0, 21], [1, 0, 1, 6], [0, 2, 2, 16], [0, 2, 1, 25], [1, 4, 4, 4], [0, 2, 0, 27], [0, 4, 0, 23], [0, 6, 0, 28], [0, 2, 0, 29], [1, 3, 3, 6], [1, 5, 4, 4], [0, 2, 0, 27], [0, 4, 0, 22], [0, 6, 4, 40], [0, 2, 0, 29], [1, 3, 3, 6], [0, 5, 4, 16], [0, 2, 0, 29], [1, 7, 2, 2], [1, 2, 2, 5], [1, 0, 4, 1], [1, 2, 2, 5], [1, 3, 2, 4], [0, 2, 1, 22], [1, 0, 3, 4], [1, 1, 3, 6], [1, 2, 1, 4], [1, 3, 1, 2], [0, 2, 0, 29], [1, 2, 2, 3], [1, 2, 2, 1], [1, 3, 0, 3], [1, 2, 2, 5], [1, 3, 2, 2], [1, 7, 1, 1], [0, 3, 2, 8], [0, 2, 0, 29], [1, 4, 2, 3], [0, 5, 2, 8], [0, 2, 0, 29], [1, 2, 2, 2], [1, 2, 2, 7], [1, 2, 0, 4], [1, 2, 2, 5], [1, 2, 2, 2], [1, 2, 2, 7], [1, 2, 4, 1], [1, 2, 2, 5], [1, 5, 1, 0], [1, 0, 3, 4], [1, 2, 2, 3], [1, 5, 1, 4], [0, 7, 1, 3], [1, 4, 1, 0], [1, 1, 0, 3]]"}