{"Avg_MAE": 10974.167409034319, "Train_MAE": 10003.23, "Test_MAE": 11945.10481806864, "program": "[[1, 0, 0, 2], [1, 0, 0, 1], [1, 2, 0, 0], [0, 0, 1, 21], [1, 1, 2, 2], [0, 3, 3, 35], [0, 1, 1, 10], [0, 2, 2, 13], [1, 3, 3, 0], [1, 0, 2, 1], [1, 3, 2, 1], [1, 1, 1, 3], [0, 0, 2, 2], [1, 0, 2, 0], [1, 1, 0, 1], [1, 2, 0, 0], [1, 2, 0, 0], [1, 0, 0, 2], [0, 0, 3, 21], [0, 3, 2, 5], [1, 3, 2, 1], [0, 0, 2, 2], [1, 2, 2, 0], [0, 0, 0, 25], [0, 3, 2, 11], [1, 0, 2, 0], [1, 2, 1, 1], [0, 1, 2, 42], [0, 0, 2, 15], [1, 1, 0, 0], [1, 2, 0, 2], [1, 2, 2, 0], [1, 2, 1, 0], [1, 2, 3, 0], [0, 0, 2, 12], [1, 0, 2, 2], [1, 1, 1, 0], [0, 0, 2, 9], [1, 2, 1, 0], [1, 1, 1, 0], [1, 3, 1, 0], [0, 1, 0, 20], [1, 0, 1, 3], [0, 2, 0, 15], [1, 2, 0, 1], [0, 1, 3, 30], [0, 3, 0, 30], [1, 0, 0, 0], [1, 3, 1, 0], [0, 3, 2, 30], [1, 0, 2, 1], [1, 0, 2, 1], [1, 0, 0, 0], [0, 2, 1, 24], [0, 0, 1, 12], [1, 2, 1, 0], [0, 0, 2, 12], [1, 0, 2, 2], [1, 0, 2, 1], [1, 3, 2, 2], [1, 1, 2, 1], [1, 0, 1, 3], [1, 0, 1, 1]]"}