{"Avg_MAE": 7697.502294545313, "Train_MAE": 6968.55, "Test_MAE": 8426.454589090627, "program": "[[0, 0, 2, 30], [0, 2, 3, 26], [1, 2, 0, 2], [1, 3, 3, 0], [0, 2, 0, 21], [0, 0, 0, 7], [1, 3, 3, 3], [0, 3, 2, 6], [1, 1, 2, 0], [0, 0, 1, 7], [1, 1, 0, 3], [1, 2, 0, 0], [1, 2, 2, 2], [0, 1, 2, 35], [0, 0, 0, 19], [0, 1, 0, 27], [0, 1, 0, 25], [0, 0, 1, 16], [1, 2, 0, 2], [1, 2, 3, 0], [1, 3, 0, 1], [0, 3, 2, 31], [0, 3, 2, 25], [0, 2, 1, 28], [1, 2, 0, 1], [0, 2, 2, 19], [1, 0, 3, 3], [0, 3, 3, 30], [1, 1, 1, 2], [1, 3, 2, 2], [1, 3, 3, 0], [0, 2, 1, 30], [1, 2, 1, 0], [1, 2, 3, 2], [0, 3, 0, 33], [0, 3, 2, 15], [1, 2, 2, 0], [0, 2, 2, 39], [1, 2, 1, 2], [1, 0, 3, 2], [1, 1, 2, 0], [0, 2, 3, 33], [1, 2, 1, 0], [1, 0, 0, 1], [1, 3, 1, 1], [0, 0, 3, 20], [0, 2, 1, 28], [1, 2, 3, 1], [1, 3, 0, 0], [1, 2, 0, 2], [1, 3, 2, 3], [1, 1, 0, 1], [0, 1, 2, 0], [1, 3, 1, 1], [1, 1, 2, 2], [1, 1, 0, 2], [0, 2, 1, 28], [1, 1, 0, 2], [0, 1, 1, 10], [0, 2, 3, 14], [1, 0, 3, 1], [1, 2, 3, 0], [1, 1, 1, 2], [0, 0, 3, 24], [0, 2, 2, 10], [0, 3, 2, 38], [1, 0, 0, 3], [1, 1, 2, 1], [0, 0, 2, 33], [0, 0, 3, 29], [1, 1, 2, 0], [0, 3, 2, 34], [1, 1, 0, 2], [0, 1, 2, 42], [1, 1, 2, 3], [1, 0, 2, 0], [0, 0, 0, 4], [0, 0, 1, 16], [1, 2, 3, 1], [1, 3, 0, 0], [1, 1, 2, 0], [0, 0, 1, 16], [1, 2, 3, 1], [1, 3, 0, 3], [0, 0, 2, 19], [1, 3, 2, 2], [1, 1, 0, 1], [0, 1, 2, 0], [0, 0, 2, 19], [1, 3, 0, 2], [1, 1, 0, 1], [0, 2, 2, 11], [1, 1, 0, 1], [0, 3, 2, 7], [1, 0, 1, 1], [0, 2, 2, 26]]"}