{"Avg_MAE": 12451.145302001738, "Train_MAE": 12054.89, "Test_MAE": 12847.400604003476, "program": "[[1, 0, 2, 2], [0, 0, 0, 30], [1, 3, 3, 1], [1, 3, 0, 2], [0, 1, 0, 21], [0, 1, 2, 38], [1, 1, 2, 3], [0, 2, 0, 9], [1, 1, 3, 0], [0, 3, 3, 36], [1, 3, 0, 1], [0, 3, 1, 19], [0, 2, 0, 1], [1, 3, 0, 2], [0, 1, 2, 32], [1, 1, 2, 0], [1, 1, 0, 1], [0, 0, 1, 41], [0, 3, 1, 3], [0, 2, 2, 15], [0, 2, 2, 8], [1, 3, 2, 0], [0, 1, 2, 14], [0, 1, 2, 38], [1, 1, 0, 1], [1, 3, 1, 1], [0, 2, 2, 18], [0, 1, 1, 23], [1, 2, 0, 2], [0, 1, 0, 17], [1, 1, 2, 1], [1, 2, 0, 2], [1, 2, 2, 1], [0, 0, 2, 3], [1, 2, 2, 0], [1, 3, 3, 0], [0, 2, 2, 40], [1, 3, 2, 0], [1, 1, 2, 0], [0, 3, 3, 25], [1, 2, 1, 3], [1, 3, 2, 0], [0, 1, 2, 14], [0, 2, 1, 14], [1, 1, 0, 1], [1, 0, 2, 2], [0, 0, 0, 10], [1, 2, 1, 1], [1, 1, 2, 1], [0, 2, 2, 18], [1, 3, 1, 2], [0, 1, 1, 3], [1, 2, 0, 2], [0, 1, 0, 17], [1, 0, 2, 1], [0, 3, 2, 38], [1, 3, 0, 3], [0, 0, 1, 23], [0, 2, 0, 19], [0, 2, 2, 19], [1, 1, 1, 2], [0, 3, 1, 19], [1, 1, 1, 2]]"}