{"Avg_MAE": 12623.764348841614, "Train_MAE": 10805.25, "Test_MAE": 14442.278697683227, "program": "[[1, 2, 1, 2], [0, 3, 1, 27], [1, 3, 2, 0], [1, 0, 2, 0], [0, 3, 1, 10], [1, 3, 1, 2], [0, 1, 1, 3], [0, 1, 1, 3], [0, 3, 3, 22], [1, 1, 2, 1], [1, 3, 2, 0], [1, 1, 3, 3], [1, 3, 3, 3], [1, 2, 0, 1], [1, 2, 3, 0], [0, 3, 1, 10], [0, 1, 2, 40], [1, 0, 1, 3], [1, 2, 2, 2], [1, 3, 1, 1], [1, 1, 1, 2], [1, 0, 2, 3], [0, 0, 2, 17], [0, 1, 0, 37], [0, 1, 0, 39], [0, 0, 2, 31], [1, 3, 1, 3], [1, 1, 0, 2], [0, 0, 2, 16], [1, 3, 2, 2], [0, 0, 1, 39], [0, 3, 1, 29], [1, 0, 0, 0], [1, 0, 3, 1], [0, 1, 3, 3], [0, 3, 0, 24], [1, 3, 1, 0], [0, 2, 3, 7], [1, 3, 0, 2], [0, 1, 2, 16], [0, 2, 2, 29], [0, 3, 1, 27], [0, 3, 0, 1], [0, 1, 1, 39], [1, 1, 1, 0], [1, 3, 2, 0], [1, 2, 0, 3], [1, 2, 3, 0], [0, 3, 1, 10], [0, 3, 2, 3], [0, 3, 3, 32], [1, 3, 0, 1], [1, 2, 2, 0], [0, 1, 2, 19], [0, 3, 0, 39], [0, 3, 1, 6], [1, 2, 2, 1], [0, 2, 2, 38], [0, 3, 0, 12], [0, 3, 3, 25], [0, 3, 0, 41], [1, 0, 2, 3], [0, 0, 1, 30], [1, 1, 1, 2], [1, 3, 1, 3], [0, 0, 1, 7], [1, 2, 2, 2], [0, 3, 2, 25], [1, 1, 1, 2], [0, 3, 0, 24], [0, 1, 0, 9], [1, 2, 1, 1], [0, 0, 0, 29], [0, 2, 0, 36], [1, 2, 1, 0], [1, 1, 2, 3], [0, 3, 0, 32], [1, 2, 1, 0], [0, 0, 0, 31], [0, 2, 3, 30], [1, 0, 2, 0], [1, 1, 1, 1], [0, 3, 3, 19], [0, 2, 0, 39], [0, 2, 1, 13], [0, 2, 0, 28], [0, 0, 2, 15], [0, 1, 3, 28], [1, 2, 2, 0], [0, 0, 0, 17], [1, 3, 3, 0], [1, 3, 1, 2], [1, 0, 2, 3], [0, 0, 1, 17], [0, 0, 1, 17], [0, 0, 0, 38], [0, 2, 2, 6], [1, 3, 2, 0], [0, 1, 1, 8], [0, 2, 2, 29], [1, 3, 2, 2], [0, 1, 1, 35], [0, 2, 2, 6], [0, 3, 2, 27], [1, 3, 2, 0], [0, 0, 1, 8], [0, 2, 2, 29], [1, 3, 2, 3], [0, 0, 2, 33], [1, 1, 1, 1], [0, 3, 1, 15]]"}