{"Avg_MAE": 2123.0924131957117, "Train_MAE": 1723.55, "Test_MAE": 2522.6348263914238, "program": "[[0, 3, 2, 28], [0, 3, 1, 15], [0, 2, 1, 27], [1, 3, 2, 3], [0, 1, 0, 32], [1, 2, 1, 0], [1, 0, 3, 0], [0, 0, 0, 32], [1, 1, 0, 3], [1, 2, 2, 3], [0, 1, 1, 15], [1, 0, 0, 2], [0, 1, 0, 32], [1, 3, 0, 1], [1, 3, 2, 3], [1, 2, 0, 1], [0, 3, 3, 13], [1, 3, 2, 2], [0, 1, 1, 25], [0, 3, 3, 24], [0, 1, 3, 29], [1, 0, 0, 2], [1, 0, 0, 0], [0, 1, 1, 4], [1, 1, 3, 1], [0, 2, 2, 11], [1, 3, 2, 1], [0, 2, 2, 7], [1, 3, 0, 0], [1, 3, 2, 3], [0, 2, 1, 32], [0, 1, 3, 15], [1, 2, 2, 2], [0, 0, 1, 7], [0, 0, 0, 32], [0, 3, 2, 9], [0, 2, 1, 4], [1, 1, 3, 1], [1, 3, 0, 1], [1, 3, 1, 3], [0, 1, 1, 5], [0, 1, 0, 32], [0, 3, 0, 2], [0, 2, 2, 29], [0, 1, 3, 15], [1, 0, 2, 2], [0, 0, 0, 7], [0, 3, 0, 28], [0, 3, 0, 2], [0, 2, 3, 29], [0, 0, 0, 2], [0, 0, 0, 32], [0, 3, 0, 22], [1, 3, 0, 0], [0, 2, 2, 27], [0, 2, 2, 7], [1, 3, 0, 0], [1, 1, 2, 3], [0, 3, 0, 2], [1, 0, 2, 1], [1, 3, 0, 0], [1, 3, 2, 3], [0, 3, 0, 2], [1, 0, 2, 1], [1, 3, 2, 3], [1, 3, 2, 3], [0, 3, 3, 24], [1, 0, 2, 0], [0, 0, 0, 8], [0, 2, 0, 32], [0, 1, 2, 2], [1, 0, 2, 1], [1, 3, 0, 2], [1, 3, 2, 0], [1, 0, 2, 2], [0, 3, 0, 21], [0, 3, 0, 2], [0, 3, 3, 24], [0, 2, 0, 32], [0, 1, 3, 15], [1, 3, 2, 0], [0, 1, 1, 4], [0, 0, 1, 4], [0, 3, 0, 32], [1, 1, 0, 3], [1, 1, 0, 2], [1, 2, 0, 2], [0, 1, 0, 32], [0, 1, 2, 25], [0, 0, 0, 32], [0, 0, 2, 19], [1, 3, 0, 0], [0, 2, 0, 32], [1, 0, 0, 3], [0, 0, 1, 17]]"}