{"Avg_MAE": 2131.7742238639776, "Train_MAE": 1680.32, "Test_MAE": 2583.2284477279554, "program": "[[1, 0, 0, 1], [0, 1, 1, 29], [0, 3, 1, 29], [0, 1, 1, 13], [1, 0, 2, 0], [1, 0, 1, 0], [0, 1, 0, 32], [1, 2, 2, 2], [0, 2, 1, 7], [0, 2, 1, 7], [0, 2, 2, 27], [0, 1, 2, 20], [0, 1, 1, 6], [1, 1, 0, 1], [0, 2, 3, 32], [1, 1, 2, 2], [1, 2, 0, 0], [1, 1, 2, 1], [1, 3, 2, 0], [0, 1, 1, 30], [0, 1, 1, 9], [1, 0, 3, 2], [1, 3, 0, 1], [0, 3, 1, 17], [0, 1, 1, 32], [1, 1, 2, 0], [1, 1, 2, 2], [0, 1, 0, 32], [0, 0, 0, 32], [1, 2, 2, 1], [1, 0, 3, 1], [0, 1, 1, 1], [0, 1, 0, 13], [0, 2, 2, 6], [0, 3, 3, 20], [1, 3, 0, 3], [1, 2, 0, 1], [0, 1, 2, 20], [0, 2, 1, 29], [0, 1, 2, 8], [0, 1, 1, 29], [1, 1, 2, 0], [1, 1, 3, 2], [1, 2, 0, 1], [1, 0, 2, 0], [0, 3, 1, 25], [1, 2, 2, 2], [0, 1, 1, 11], [1, 0, 0, 1], [0, 1, 1, 14], [0, 0, 2, 12], [0, 0, 1, 8], [0, 1, 1, 12], [1, 3, 0, 1], [0, 3, 1, 17], [0, 3, 2, 19], [0, 1, 1, 1], [1, 1, 2, 2], [0, 1, 1, 11], [0, 1, 1, 11], [1, 2, 0, 0], [1, 0, 2, 1], [0, 1, 0, 32], [0, 3, 1, 30]]"}