{"Avg_MAE": 2015.5660924079802, "Train_MAE": 1602.14, "Test_MAE": 2428.9921848159606, "program": "[[0, 0, 1, 6], [0, 0, 0, 19], [0, 1, 2, 27], [0, 2, 0, 32], [1, 2, 0, 3], [1, 3, 3, 3], [0, 0, 1, 4], [1, 1, 0, 1], [1, 2, 2, 2], [0, 2, 1, 15], [1, 0, 0, 0], [0, 2, 0, 32], [1, 0, 0, 3], [0, 2, 2, 22], [1, 1, 0, 0], [1, 3, 2, 2], [1, 2, 1, 3], [1, 2, 0, 3], [1, 3, 1, 3], [0, 1, 0, 10], [0, 2, 1, 14], [1, 2, 2, 1], [1, 1, 0, 3], [1, 3, 3, 3], [0, 2, 2, 2], [0, 1, 2, 27], [0, 2, 2, 6], [0, 1, 3, 32], [0, 2, 1, 30], [1, 3, 1, 3], [1, 2, 0, 0], [0, 2, 2, 24], [0, 0, 1, 5], [0, 2, 1, 8], [0, 2, 1, 0], [0, 1, 1, 11], [0, 2, 0, 32], [0, 1, 3, 6], [1, 2, 2, 3], [0, 3, 1, 18], [1, 0, 0, 2], [0, 1, 1, 13], [0, 0, 1, 20], [1, 2, 2, 1], [1, 1, 0, 0], [1, 3, 0, 0], [1, 2, 2, 0], [0, 3, 1, 30], [0, 2, 0, 32], [0, 3, 3, 0], [0, 2, 1, 8], [0, 2, 0, 0], [1, 2, 2, 1], [1, 2, 0, 0], [0, 0, 2, 18], [0, 3, 1, 30], [0, 2, 2, 8], [0, 0, 2, 3], [1, 1, 0, 0], [1, 3, 0, 0]]"}