{"Avg_MAE": 2068.1951905477886, "Train_MAE": 1615.87, "Test_MAE": 2520.5203810955772, "program": "[[1, 1, 0, 1], [1, 0, 3, 1], [1, 2, 2, 0], [1, 0, 0, 3], [0, 0, 1, 14], [1, 1, 2, 2], [1, 3, 0, 3], [1, 3, 2, 2], [1, 2, 0, 0], [1, 1, 0, 2], [0, 2, 1, 5], [0, 0, 0, 32], [0, 0, 1, 14], [1, 2, 0, 0], [1, 3, 0, 3], [1, 3, 3, 3], [1, 3, 2, 2], [0, 0, 1, 13], [1, 0, 2, 2], [1, 3, 3, 1], [0, 3, 1, 15], [1, 2, 0, 0], [1, 0, 2, 2], [0, 3, 3, 11], [1, 2, 0, 1], [1, 1, 3, 2], [1, 1, 0, 0], [1, 1, 0, 2], [0, 2, 3, 5], [0, 0, 0, 32], [1, 3, 2, 2], [0, 1, 0, 32], [1, 2, 2, 0], [0, 2, 0, 32], [0, 3, 3, 25], [0, 0, 1, 14], [1, 1, 3, 2], [1, 3, 0, 3], [1, 1, 3, 3], [0, 2, 2, 19], [1, 2, 0, 0], [1, 2, 2, 0], [1, 3, 3, 0], [1, 1, 0, 2], [1, 3, 2, 2], [0, 0, 2, 23], [1, 1, 0, 2], [1, 0, 0, 3], [0, 1, 3, 14], [1, 0, 2, 2], [0, 2, 0, 4], [1, 2, 0, 0], [1, 1, 3, 0], [1, 3, 2, 1], [0, 0, 2, 0], [0, 1, 3, 14], [1, 1, 0, 1], [0, 3, 2, 7], [0, 3, 2, 19], [1, 1, 0, 0], [1, 1, 1, 2], [0, 3, 3, 25], [0, 0, 1, 4], [1, 3, 2, 0], [0, 2, 0, 32], [1, 1, 0, 2], [1, 3, 0, 1], [1, 3, 3, 1], [1, 2, 0, 3], [0, 0, 1, 4], [0, 0, 2, 23], [0, 0, 1, 14], [0, 1, 3, 13], [1, 3, 2, 2], [0, 1, 0, 32], [0, 2, 0, 32], [0, 0, 1, 4], [0, 0, 0, 18], [0, 0, 1, 23], [1, 2, 2, 2], [1, 3, 2, 3], [1, 2, 2, 0], [1, 0, 2, 2], [0, 3, 3, 11], [0, 0, 0, 28], [0, 1, 1, 3], [0, 1, 3, 19], [1, 3, 2, 1], [1, 0, 3, 1], [1, 3, 3, 0], [1, 0, 2, 3], [1, 3, 0, 3], [0, 1, 3, 13], [0, 2, 2, 19], [0, 2, 2, 19], [1, 1, 0, 0], [0, 2, 1, 4], [0, 2, 1, 30], [1, 0, 2, 0], [0, 0, 2, 9], [1, 3, 0, 1], [0, 1, 3, 13], [1, 2, 0, 0], [1, 2, 0, 2], [0, 0, 1, 24], [0, 1, 1, 14], [0, 0, 2, 23], [0, 1, 2, 30]]"}