{"Avg_MAE": 2235.6409274378184, "Train_MAE": 1772.27, "Test_MAE": 2699.011854875637, "program": "[[1, 2, 3, 2], [1, 1, 0, 0], [1, 3, 0, 3], [0, 3, 1, 26], [0, 0, 1, 11], [0, 0, 0, 17], [0, 1, 3, 7], [1, 0, 0, 0], [1, 1, 1, 1], [1, 0, 2, 1], [0, 3, 1, 12], [1, 2, 2, 2], [1, 0, 2, 1], [0, 3, 0, 2], [0, 2, 1, 8], [1, 1, 1, 1], [0, 1, 3, 14], [0, 1, 0, 18], [1, 0, 2, 1], [0, 3, 1, 12], [0, 1, 1, 4], [1, 0, 0, 3], [1, 2, 0, 0], [1, 2, 0, 2], [0, 2, 3, 29], [0, 0, 1, 30], [0, 0, 1, 11], [0, 0, 0, 17], [0, 1, 3, 7], [1, 0, 0, 0], [1, 3, 0, 3], [0, 1, 1, 5], [0, 2, 1, 11], [1, 1, 2, 3], [0, 2, 0, 32], [1, 3, 0, 2], [1, 0, 3, 3], [0, 0, 2, 11], [0, 2, 1, 21], [0, 0, 2, 26], [0, 1, 1, 18], [0, 1, 1, 23], [1, 0, 0, 2], [0, 0, 1, 22], [1, 0, 0, 1], [1, 3, 3, 0], [1, 3, 0, 0], [0, 3, 2, 4], [1, 2, 2, 1], [1, 0, 2, 3], [1, 0, 2, 2]]"}