{"Avg_MAE": 2182.4799095718777, "Train_MAE": 1720.53, "Test_MAE": 2644.429819143755, "program": "[[1, 2, 3, 1], [1, 1, 2, 2], [1, 3, 3, 3], [0, 1, 2, 21], [0, 2, 0, 32], [1, 2, 1, 1], [0, 3, 3, 8], [0, 0, 3, 31], [0, 2, 2, 5], [0, 1, 2, 6], [1, 0, 3, 3], [1, 3, 3, 1], [0, 3, 1, 12], [0, 2, 2, 1], [1, 0, 3, 1], [0, 0, 2, 6], [1, 0, 3, 0], [1, 0, 3, 1], [1, 3, 2, 3], [0, 0, 1, 12], [1, 2, 3, 1], [0, 3, 3, 8], [0, 0, 1, 12], [0, 2, 1, 22], [1, 0, 1, 3], [1, 3, 0, 2], [1, 1, 3, 1], [0, 2, 1, 7], [0, 3, 3, 19], [0, 2, 0, 32], [0, 1, 3, 27], [1, 2, 3, 1], [1, 1, 2, 2], [0, 2, 0, 32], [1, 0, 3, 3], [1, 2, 2, 2], [0, 1, 0, 32], [1, 3, 2, 1], [0, 2, 2, 19], [1, 2, 0, 3], [1, 2, 2, 2], [1, 0, 0, 1], [1, 0, 2, 3], [0, 3, 0, 12], [0, 1, 0, 32], [1, 3, 2, 1], [1, 2, 0, 1], [1, 0, 0, 3], [1, 1, 0, 3], [1, 2, 0, 2], [0, 2, 2, 19], [1, 2, 0, 3], [1, 2, 2, 2], [1, 0, 0, 3], [1, 2, 2, 2], [1, 3, 3, 2], [1, 1, 2, 2], [1, 2, 2, 3], [1, 1, 3, 0]]"}