{"Avg_MAE": 2070.7149073178202, "Train_MAE": 1550.42, "Test_MAE": 2591.0098146356404, "program": "[[0, 0, 0, 26], [0, 0, 3, 12], [1, 1, 2, 1], [0, 0, 1, 13], [0, 0, 3, 5], [0, 1, 2, 15], [1, 0, 0, 1], [1, 1, 1, 0], [1, 0, 2, 1], [0, 0, 1, 13], [0, 1, 3, 5], [1, 0, 0, 0], [0, 1, 3, 15], [0, 0, 3, 16], [0, 1, 1, 19], [0, 0, 1, 15], [0, 1, 1, 11], [1, 1, 0, 1], [1, 1, 1, 0], [1, 1, 0, 0], [0, 1, 1, 21], [0, 0, 0, 32], [1, 1, 3, 1], [0, 0, 2, 15], [1, 0, 2, 0], [0, 0, 0, 8], [1, 0, 2, 0], [0, 1, 3, 17], [0, 1, 2, 26], [1, 0, 0, 1], [0, 1, 0, 11], [1, 0, 0, 1], [1, 1, 2, 0], [1, 0, 2, 1], [0, 0, 1, 6], [0, 0, 3, 23], [1, 1, 3, 1], [1, 1, 2, 0], [1, 1, 2, 1], [0, 0, 1, 11], [0, 0, 2, 30], [1, 1, 0, 0], [0, 1, 1, 21], [0, 0, 2, 23], [1, 1, 0, 0], [0, 0, 3, 28], [0, 1, 1, 3], [0, 1, 3, 28], [1, 1, 2, 0], [0, 0, 2, 4], [0, 1, 2, 20], [0, 1, 3, 28], [0, 1, 0, 4], [1, 1, 0, 0], [1, 1, 0, 1], [1, 0, 3, 1], [1, 0, 3, 0], [0, 1, 1, 20], [1, 1, 2, 1], [1, 0, 0, 0], [0, 0, 0, 1], [1, 0, 0, 1], [1, 0, 0, 0]]"}