{"Avg_MAE": 2083.226676791517, "Train_MAE": 1584.21, "Test_MAE": 2582.2433535830346, "program": "[[1, 3, 1, 2], [0, 1, 1, 15], [1, 1, 2, 2], [1, 3, 0, 1], [0, 0, 0, 32], [0, 1, 2, 9], [1, 0, 0, 3], [0, 0, 0, 32], [1, 3, 3, 0], [0, 3, 3, 14], [0, 1, 0, 32], [1, 3, 2, 1], [1, 0, 3, 1], [0, 1, 1, 11], [1, 3, 0, 1], [1, 1, 0, 1], [1, 0, 0, 1], [0, 1, 1, 30], [0, 3, 1, 30], [0, 1, 1, 11], [1, 3, 0, 1], [1, 1, 2, 1], [0, 2, 1, 14], [1, 0, 2, 1], [1, 1, 3, 1], [1, 2, 3, 3], [1, 3, 0, 0], [1, 2, 0, 3], [1, 0, 0, 0], [1, 1, 3, 2], [0, 3, 2, 10], [1, 1, 3, 0], [1, 2, 2, 3], [0, 1, 3, 29], [1, 1, 0, 1], [0, 2, 1, 3], [1, 3, 0, 1], [1, 1, 0, 0], [1, 3, 2, 0], [1, 0, 0, 3], [1, 2, 3, 2], [1, 2, 0, 2], [0, 3, 2, 5], [1, 0, 0, 0], [1, 2, 2, 3], [0, 3, 2, 12], [1, 2, 0, 1], [1, 2, 2, 1], [1, 2, 0, 3], [1, 1, 0, 2], [1, 0, 0, 2], [0, 3, 2, 16], [0, 2, 1, 11], [0, 3, 1, 31], [0, 0, 0, 13], [1, 1, 3, 3], [1, 2, 0, 0], [0, 1, 2, 0], [1, 3, 1, 0], [1, 2, 2, 1], [1, 3, 0, 1], [1, 1, 3, 2], [1, 2, 0, 1], [1, 0, 2, 0]]"}