{"Avg_MAE": 1976.3926917573785, "Train_MAE": 1464.22, "Test_MAE": 2488.5653835147573, "program": "[[0, 3, 2, 6], [0, 1, 0, 32], [1, 0, 0, 2], [0, 0, 2, 5], [0, 2, 1, 4], [0, 3, 0, 27], [0, 1, 1, 14], [0, 2, 3, 6], [0, 0, 0, 5], [0, 1, 2, 23], [1, 2, 3, 1], [0, 1, 2, 12], [0, 1, 2, 11], [0, 1, 0, 22], [1, 0, 2, 1], [1, 0, 1, 1], [0, 3, 2, 6], [0, 1, 1, 13], [1, 1, 2, 2], [0, 3, 2, 25], [0, 1, 2, 24], [1, 0, 0, 0], [0, 1, 0, 32], [1, 3, 0, 2], [0, 0, 2, 5], [0, 1, 2, 24], [1, 3, 2, 2], [1, 2, 2, 2], [0, 1, 2, 5], [0, 3, 3, 5], [0, 1, 2, 7], [1, 3, 0, 2], [1, 2, 2, 2], [0, 1, 0, 32], [1, 0, 2, 2], [0, 0, 3, 5], [0, 1, 0, 24], [0, 2, 0, 19], [1, 2, 2, 3], [1, 0, 2, 0], [1, 2, 2, 3], [1, 1, 0, 2], [1, 0, 2, 1], [1, 2, 0, 2], [1, 1, 0, 2], [1, 0, 0, 2], [1, 3, 0, 1], [1, 2, 0, 3], [0, 2, 0, 3], [0, 0, 0, 22], [1, 0, 2, 1], [1, 3, 0, 1], [0, 2, 0, 31], [1, 2, 0, 1], [0, 3, 2, 8], [1, 1, 3, 2], [1, 0, 0, 1], [1, 2, 2, 0], [0, 1, 2, 0], [1, 2, 2, 1], [1, 1, 0, 1], [0, 0, 1, 10], [1, 0, 0, 3], [1, 0, 0, 3]]"}