{"Avg_MAE": 2214.334497699044, "Train_MAE": 1836.41, "Test_MAE": 2592.2589953980873, "program": "[[0, 5, 3, 23], [0, 6, 0, 32], [1, 6, 2, 0], [1, 4, 2, 3], [1, 1, 0, 2], [0, 6, 0, 32], [1, 6, 2, 0], [0, 4, 1, 13], [0, 6, 1, 15], [0, 4, 3, 14], [0, 4, 3, 5], [0, 6, 1, 30], [1, 2, 2, 1], [0, 4, 2, 22], [0, 5, 1, 28], [1, 1, 2, 4], [0, 3, 3, 6], [1, 3, 1, 5], [1, 3, 2, 0], [1, 6, 0, 0], [0, 1, 2, 15], [1, 6, 2, 0], [0, 7, 0, 9], [0, 1, 1, 25], [0, 6, 2, 27], [0, 3, 0, 32], [1, 5, 3, 4], [1, 2, 2, 1], [0, 4, 1, 13], [0, 7, 2, 5], [0, 3, 1, 18], [0, 6, 0, 2], [0, 7, 3, 12], [0, 4, 1, 19], [0, 6, 1, 15], [0, 4, 3, 4], [0, 6, 0, 32], [1, 6, 2, 0], [1, 0, 1, 1], [0, 0, 3, 27], [0, 7, 1, 23], [0, 6, 1, 13], [1, 4, 0, 5], [1, 6, 2, 4], [0, 6, 1, 13], [0, 4, 1, 19], [1, 6, 1, 4], [0, 7, 1, 23], [0, 1, 0, 24], [1, 4, 0, 3], [0, 6, 2, 14], [1, 6, 2, 0], [1, 6, 2, 0], [0, 5, 0, 11], [1, 5, 3, 5], [0, 1, 0, 24], [1, 4, 0, 0], [0, 0, 1, 6], [1, 7, 2, 1], [1, 6, 2, 0], [0, 6, 0, 32], [1, 6, 0, 0], [1, 6, 0, 1]]"}