{"Avg_MAE": 2135.449421373555, "Train_MAE": 1695.26, "Test_MAE": 2575.63884274711, "program": "[[0, 15, 0, 32], [0, 9, 3, 7], [0, 0, 3, 18], [0, 8, 2, 0], [1, 15, 3, 14], [0, 12, 1, 6], [1, 3, 3, 0], [0, 14, 0, 32], [1, 14, 0, 10], [0, 11, 0, 32], [0, 12, 1, 0], [0, 2, 1, 22], [1, 6, 2, 13], [1, 1, 1, 9], [0, 14, 2, 11], [0, 15, 1, 4], [1, 14, 0, 12], [0, 13, 1, 3], [0, 9, 3, 5], [0, 4, 1, 26], [0, 14, 2, 26], [0, 3, 2, 1], [0, 5, 2, 31], [0, 5, 2, 31], [0, 12, 1, 4], [0, 12, 2, 12], [0, 9, 3, 31], [1, 14, 2, 15], [1, 11, 2, 14], [1, 5, 2, 10], [0, 8, 3, 25], [1, 14, 0, 7], [1, 8, 0, 12], [0, 3, 1, 27], [0, 5, 2, 29], [0, 6, 3, 1], [0, 14, 0, 2], [1, 12, 0, 14], [0, 14, 2, 26], [0, 14, 0, 32], [1, 5, 0, 10], [1, 9, 2, 6], [0, 14, 2, 19], [1, 14, 0, 6], [0, 1, 0, 32], [0, 14, 1, 3], [0, 9, 3, 5], [1, 14, 2, 15], [1, 5, 2, 1], [1, 14, 2, 15], [1, 9, 2, 14], [1, 14, 2, 12], [1, 7, 1, 10], [0, 14, 2, 26], [0, 3, 2, 18], [0, 0, 1, 32], [0, 14, 2, 26], [1, 4, 1, 10], [0, 1, 3, 4], [0, 14, 2, 26], [1, 7, 1, 10], [0, 4, 2, 32], [0, 10, 2, 19], [1, 0, 2, 8]]"}